Carbon Footprint Name, Prior Year Annual Carbon Footprint
Bremington Commons FY20,Bremington Commons FY19
Bremington Commons FY21,Bremington Commons FY20
Salesforce Tower FY20,Salesforce Tower FY19
Salesforce Tower FY21,Salesforce Tower FY20
Air Travel - All Org - FY20,Air Travel - All Org - FY19
Air Travel - All Org - FY21,Air Travel - All Org - FY20
Ground Travel - All Org - FY21,Ground Travel - All Org - FY20
Hotel Stays - All Org - FY21,Hotel Stays - All Org - FY20
Rental Cars - All Org - FY21,Rental Cars - All Org - FY20
Company Shuttle #2 FY21,Company Shuttle #2 FY20
Company Shuttle #4 FY21,Company Shuttle #4 FY20
GS-650 N498AW FY21,GS-650 N498AW FY20
GS-500 N133PX FY21,GS-500 N133PX FY20